Hg.;Zeitschritt;Zeit;totale Bil.;Auffeuchtung; Summe Senkenfl.;  Summe Randfl; kumul. Oberrandfl.;kumul. rechter.Randfl.;kumul. Unterrandfl.;  kumul.linker Randfl.;kumul. Oberfl. Abfl.;Abfl.-Beiwert;      kumul. Freiland Nied.;kumul. Freiland Nied.;kumul.Interz-Verd.;   kumul. Bodenverd.;kumul. Transpiration;links: kumul. Verlust Stoff1; unten: kumul. Verlust Stoff1;      rechts: kumul. Verlust Stoff1;links: kumul. Verlust Stoff2; unten: kumul. Verlust Stoff2;      rechts: kumul. Verlust Stoff2;links: kumul. Verlust Stoff3; unten: kumul. Verlust Stoff3;      rechts: kumul. Verlust Stoff3;
[-];[-];[s];[-];[cbm];[cbm];[cbm];[cbm];[cbm];[cbm];[cbm];[cbm];[-];[cbm];[mm];[cbm];[cbm];[cbm]; [kg]; [kg]; [kg];                 [kg]; [kg]; [kg]; [kg]; [kg]; [kg];
  1;    33;       1200.000000;******************;        105.446959;43870227523.800362;         -0.930299;         -0.000009;         -0.930290;          0.000000;          0.000000;          0.000000;      0.0000;          0.000000;          0.000000;          0.000000;          0.000009;          0.001267;
  1;    62;       3600.000000;******************;        105.413020;43870227524.102539;         -0.930514;         -0.000027;         -0.930488;          0.000000;          0.000000;          0.000000;      0.0000;          0.000000;          0.000000;          0.000000;          0.000027;          0.003587;
  1;    75;      21600.000000;******************;        105.182273;43870227526.387268;         -0.930651;          0.001327;         -0.931977;          0.000000;          0.000000;          0.000000;      0.0000;          0.000000;          0.000000;          0.000000;         -0.001327;          0.010205;
  1;    87;      43200.000000;******************;        103.711946;43870227526.594185;         -0.937029;         -0.003253;         -0.933776;          0.000000;          0.000000;          0.000000;      0.0000;          0.000000;          0.000000;          0.000000;          0.003253;          1.524455;
  1;    99;      64800.000000;******************;        101.890310;43870227526.206276;         -0.942904;         -0.007309;         -0.935595;          0.000000;          0.000000;          0.000000;      0.0000;          0.000000;          0.000000;          0.000000;          0.007309;          3.399765;
  1;   111;      86400.000000;******************;        101.653144;43870227528.924217;         -0.928679;          0.008759;         -0.937438;          0.000000;          0.000000;          0.000000;      0.0000;          0.000000;          0.000000;          0.000000;         -0.008759;          3.422104;
  1;   123;     108000.000000;******************;        101.436768;43870227531.671799;         -0.922115;          0.017191;         -0.939306;          0.000000;          0.000000;          0.000000;      0.0000;          0.000000;          0.000000;          0.000000;         -0.017191;          3.426669;
  1;   135;     129600.000000;******************;        100.260715;43870227532.218765;         -0.927571;          0.013630;         -0.941201;          0.000000;          0.000000;          0.000000;      0.0000;          0.000000;          0.000000;          0.000000;         -0.013630;          4.770586;
  1;   147;     151200.000000;******************;         98.800128;43870227532.046173;         -0.932673;          0.010455;         -0.943129;          0.000000;          0.000000;          0.000000;      0.0000;          0.000000;          0.000000;          0.000000;         -0.010455;          6.559524;
  1;   159;     172800.000000;******************;         98.630710;43870227534.778099;         -0.911096;          0.033996;         -0.945092;          0.000000;          0.000000;          0.000000;      0.0000;          0.000000;          0.000000;          0.000000;         -0.033996;          6.573771;
  1;   171;     194400.000000;******************;         98.471352;43870227537.528564;         -0.889310;          0.057787;         -0.947097;          0.000000;          0.000000;          0.000000;      0.0000;          0.000000;          0.000000;          0.000000;         -0.057787;          6.576645;
  1;   183;     216000.000000;******************;         97.323150;43870227537.971748;         -0.894548;          0.054604;         -0.949151;          0.000000;          0.000000;          0.000000;      0.0000;          0.000000;          0.000000;          0.000000;         -0.054604;          8.013312;
  1;   195;     237600.000000;******************;         95.999400;43870227537.946251;         -0.899530;          0.051736;         -0.951265;          0.000000;          0.000000;          0.000000;      0.0000;          0.000000;          0.000000;          0.000000;         -0.051736;          9.746505;
  1;   207;     259200.000000;******************;         95.856168;43870227540.645004;         -0.901860;          0.051592;         -0.953452;          0.000000;          0.000000;          0.000000;      0.0000;          0.000000;          0.000000;          0.000000;         -0.051592;          9.781853;
  1;   219;     280800.000000;******************;         95.707335;43870227543.380493;         -0.904252;          0.051484;         -0.955737;          0.000000;          0.000000;          0.000000;      0.0000;          0.000000;          0.000000;          0.000000;         -0.051484;          9.794258;
  1;   231;     302400.000000;******************;         94.424675;43870227544.025314;         -0.909337;          0.048814;         -0.958151;          0.000000;          0.000000;          0.000000;      0.0000;          0.000000;          0.000000;          0.000000;         -0.048814;         11.129243;
  1;   243;     324000.000000;******************;         93.082720;43870227544.525642;         -0.914221;          0.046515;         -0.960736;          0.000000;          0.000000;          0.000000;      0.0000;          0.000000;          0.000000;          0.000000;         -0.046515;         12.557607;
  1;   255;     345600.000000;******************;         92.923987;43870227547.236198;         -0.901387;          0.062164;         -0.963552;          0.000000;          0.000000;          0.000000;      0.0000;          0.000000;          0.000000;          0.000000;         -0.062164;         12.585990;
  1;   267;     367200.000000;******************;         92.787741;43870227549.989861;         -0.883103;          0.083591;         -0.966694;          0.000000;          0.000000;          0.000000;      0.0000;          0.000000;          0.000000;          0.000000;         -0.083591;         12.586912;
  1;   280;     388800.000000;******************;         91.597812;43870227550.740623;         -0.888758;          0.081544;         -0.970303;          0.000000;          0.000000;          0.000000;      0.0000;          0.000000;          0.000000;          0.000000;         -0.081544;         13.873910;
  1;   292;     410400.000000;******************;         90.315119;43870227551.299034;         -0.894610;          0.079493;         -0.974103;          0.000000;          0.000000;          0.000000;      0.0000;          0.000000;          0.000000;          0.000000;         -0.079493;         15.285671;
  1;   304;     432000.000000;******************;         90.089604;43870227553.991356;         -0.878400;          0.099592;         -0.977992;          0.000000;          0.000000;          0.000000;      0.0000;          0.000000;          0.000000;          0.000000;         -0.099592;         15.326210;
  1;   317;     453600.000000;******************;         89.902928;43870227556.743294;         -0.865281;          0.116755;         -0.982036;          0.000000;          0.000000;          0.000000;      0.0000;          0.000000;          0.000000;          0.000000;         -0.116755;         15.328261;
  1;   330;     475200.000000;******************;         89.071011;43870227557.963600;         -0.871526;          0.114735;         -0.986261;          0.000000;          0.000000;          0.000000;      0.0000;          0.000000;          0.000000;          0.000000;         -0.114735;         16.326187;
  1;   342;     496800.000000;******************;         87.745791;43870227558.117386;         -0.878467;          0.112125;         -0.990592;          0.000000;          0.000000;          0.000000;      0.0000;          0.000000;          0.000000;          0.000000;         -0.112125;         18.020804;
  1;   354;     518400.000000;******************;         87.319021;43870227560.835320;         -0.869110;          0.125919;         -0.995028;          0.000000;          0.000000;          0.000000;      0.0000;          0.000000;          0.000000;          0.000000;         -0.125919;         18.045121;
  1;   366;     540000.000000;******************;         86.992025;43870227563.564880;         -0.873778;          0.125787;         -0.999565;          0.000000;          0.000000;          0.000000;      0.0000;          0.000000;          0.000000;          0.000000;         -0.125787;         18.061946;
  1;   378;     561600.000000;******************;         85.310313;43870227564.091286;         -0.881847;          0.122377;         -1.004224;          0.000000;          0.000000;          0.000000;      0.0000;          0.000000;          0.000000;          0.000000;         -0.122377;         19.528830;
  1;   390;     583200.000000;******************;         83.238509;43870227564.081024;         -0.890754;          0.118293;         -1.009047;          0.000000;          0.000000;          0.000000;      0.0000;          0.000000;          0.000000;          0.000000;         -0.118293;         21.350728;
  1;   402;     604800.000000;******************;         82.830116;43870227566.769012;         -0.889998;          0.124093;         -1.014091;          0.000000;          0.000000;          0.000000;      0.0000;          0.000000;          0.000000;          0.000000;         -0.124093;         21.395134;
  1;   414;     626400.000000;******************;         82.531080;43870227569.512093;         -0.886827;          0.132611;         -1.019438;          0.000000;          0.000000;          0.000000;      0.0000;          0.000000;          0.000000;          0.000000;         -0.132611;         21.403124;
  1;   426;     648000.000000;******************;         81.210993;43870227570.189049;         -0.895413;          0.129785;         -1.025198;          0.000000;          0.000000;          0.000000;      0.0000;          0.000000;          0.000000;          0.000000;         -0.129785;         22.784707;
  1;   438;     669600.000000;******************;         79.755714;43870227570.410179;         -0.904355;          0.127169;         -1.031524;          0.000000;          0.000000;          0.000000;      0.0000;          0.000000;          0.000000;          0.000000;         -0.127169;         24.470881;
  1;   451;     691200.000000;******************;         79.536017;43870227573.091469;         -0.907949;          0.130724;         -1.038673;          0.000000;          0.000000;          0.000000;      0.0000;          0.000000;          0.000000;          0.000000;         -0.130724;         24.520201;
  1;   463;     712800.000000;******************;         79.331671;43870227575.838280;         -0.910033;          0.136471;         -1.046504;          0.000000;          0.000000;          0.000000;      0.0000;          0.000000;          0.000000;          0.000000;         -0.136471;         24.525763;
  1;   496;     734400.000000;******************;         79.035703;43870227578.323837;         -0.715677;          0.339102;         -1.054779;          0.000000;          0.000000;          0.000000;      0.0000;          0.508022;          0.458798;          0.188872;         -0.135893;         24.706144;
  1;   511;     756000.000000;******************;         77.880906;43870227579.041176;         -0.725977;          0.337359;         -1.063336;          0.000000;          0.000000;          0.000000;      0.0000;          0.508022;          0.458798;          0.304813;         -0.134150;         26.072777;
  1;   523;     777600.000000;******************;         77.713734;43870227581.773476;         -0.721619;          0.350476;         -1.072095;          0.000000;          0.000000;          0.000000;      0.0000;          0.508022;          0.458798;          0.304813;         -0.147267;         26.088122;
  1;   535;     799200.000000;******************;         77.562709;43870227584.519531;         -0.726416;          0.354571;         -1.080988;          0.000000;          0.000000;          0.000000;      0.0000;          0.508022;          0.458798;          0.304813;         -0.151362;         26.094246;
  1;   547;     820800.000000;******************;         76.493262;43870227585.367722;         -0.737907;          0.352099;         -1.090006;          0.000000;          0.000000;          0.000000;      0.0000;          0.508022;          0.458798;          0.304813;         -0.148890;         27.382452;
  1;   559;     842400.000000;******************;         75.382589;43870227585.902115;         -0.749169;          0.350037;         -1.099207;          0.000000;          0.000000;          0.000000;      0.0000;          0.508022;          0.458798;          0.304813;         -0.146828;         28.883708;
  1;   571;     864000.000000;******************;         75.178319;43870227588.621620;         -0.747923;          0.360713;         -1.108636;          0.000000;          0.000000;          0.000000;      0.0000;          0.508022;          0.458798;          0.304813;         -0.157504;         28.907850;
  1;   583;     885600.000000;******************;         74.998144;43870227591.371025;         -0.752597;          0.365789;         -1.118386;          0.000000;          0.000000;          0.000000;      0.0000;          0.508022;          0.458798;          0.304813;         -0.162580;         28.911725;
  1;   595;     907200.000000;******************;         73.961452;43870227592.267570;         -0.765211;          0.363217;         -1.128427;          0.000000;          0.000000;          0.000000;      0.0000;          0.508022;          0.458798;          0.304813;         -0.160008;         30.176646;
  1;   607;     928800.000000;******************;         72.591255;43870227592.412270;         -0.780618;          0.358119;         -1.138738;          0.000000;          0.000000;          0.000000;      0.0000;          0.508022;          0.458798;          0.304813;         -0.154911;         31.954257;
  1;   619;     950400.000000;******************;         72.453804;43870227595.143089;         -0.769572;          0.379808;         -1.149379;          0.000000;          0.000000;          0.000000;      0.0000;          0.508022;          0.458798;          0.304813;         -0.176599;         31.970837;
  1;   631;     972000.000000;******************;         72.327446;43870227597.894104;         -0.770857;          0.389646;         -1.160504;          0.000000;          0.000000;          0.000000;      0.0000;          0.508022;          0.458798;          0.304813;         -0.186437;         31.973633;
  1;   643;     993600.000000;******************;         71.166348;43870227598.530762;         -0.786539;          0.385840;         -1.172379;          0.000000;          0.000000;          0.000000;      0.0000;          0.508022;          0.458798;          0.304813;         -0.182631;         33.425352;
  1;   655;    1015200.000000;******************;         70.030318;43870227598.706696;         -0.802382;          0.382828;         -1.185210;          0.000000;          0.000000;          0.000000;      0.0000;          0.508022;          0.458798;          0.304813;         -0.179619;         35.194213;
  1;   667;    1036800.000000;******************;         69.827256;43870227601.397919;         -0.798290;          0.400217;         -1.198507;          0.000000;          0.000000;          0.000000;      0.0000;          0.508022;          0.458798;          0.304813;         -0.197008;         35.238145;
  1;   679;    1058400.000000;******************;         69.637062;43870227604.132538;         -0.811151;          0.401014;         -1.212165;          0.000000;          0.000000;          0.000000;      0.0000;          0.508022;          0.458798;          0.304813;         -0.197805;         35.252285;
  1;   691;    1080000.000000;******************;         68.724089;43870227604.765724;         -0.828712;          0.397411;         -1.226123;          0.000000;          0.000000;          0.000000;      0.0000;          0.508022;          0.458798;          0.304813;         -0.194202;         36.715685;
  1;   703;    1101600.000000;******************;         67.640385;43870227604.917450;         -0.847324;          0.393016;         -1.240340;          0.000000;          0.000000;          0.000000;      0.0000;          0.508022;          0.458798;          0.304813;         -0.189807;         38.513613;
  1;   715;    1123200.000000;******************;         67.420418;43870227607.645927;         -0.841704;          0.413110;         -1.254813;          0.000000;          0.000000;          0.000000;      0.0000;          0.508022;          0.458798;          0.304813;         -0.209901;         38.532045;
  1;   727;    1144800.000000;******************;         67.167738;43870227610.395668;         -0.854518;          0.415125;         -1.269643;          0.000000;          0.000000;          0.000000;      0.0000;          0.508022;          0.458798;          0.304813;         -0.211916;         38.535760;
  1;   739;    1166400.000000;******************;         65.969751;43870227611.057373;         -0.873006;          0.411747;         -1.284754;          0.000000;          0.000000;          0.000000;      0.0000;          0.508022;          0.458798;          0.304813;         -0.208538;         39.989558;
  1;   751;    1188000.000000;******************;         64.590863;43870227611.174706;         -0.893878;          0.406173;         -1.300051;          0.000000;          0.000000;          0.000000;      0.0000;          0.508022;          0.458798;          0.304813;         -0.202964;         41.822655;
  1;   763;    1209600.000000;******************;         64.383453;43870227613.801903;         -0.909792;          0.405679;         -1.315471;          0.000000;          0.000000;          0.000000;      0.0000;          0.508022;          0.458798;          0.304813;         -0.202470;         41.911908;
  1;   775;    1231200.000000;******************;         64.217707;43870227616.472351;         -0.925708;          0.405275;         -1.330984;          0.000000;          0.000000;          0.000000;      0.0000;          0.508022;          0.458798;          0.304813;         -0.202067;         41.971111;
  1;   787;    1252800.000000;******************;         63.077321;43870227617.125580;         -0.944899;          0.401710;         -1.346609;          0.000000;          0.000000;          0.000000;      0.0000;          0.508022;          0.458798;          0.304813;         -0.198501;         43.438973;
  1;   799;    1274400.000000;******************;         61.813770;43870227617.491440;         -0.964147;          0.398490;         -1.362637;          0.000000;          0.000000;          0.000000;      0.0000;          0.508022;          0.458798;          0.304813;         -0.195281;         45.108287;
  1;   811;    1296000.000000;******************;         61.616082;43870227620.189011;         -0.969911;          0.409302;         -1.379213;          0.000000;          0.000000;          0.000000;      0.0000;          0.508022;          0.458798;          0.304813;         -0.206093;         45.148571;
  1;   823;    1317600.000000;******************;         61.369058;43870227622.944107;         -0.958092;          0.438245;         -1.396337;          0.000000;          0.000000;          0.000000;      0.0000;          0.508022;          0.458798;          0.304813;         -0.235037;         45.148571;
  1;   835;    1339200.000000;******************;         60.805868;43870227624.865715;         -0.976908;          0.437233;         -1.414142;          0.000000;          0.000000;          0.000000;      0.0000;          0.508022;          0.458798;          0.304813;         -0.234025;         45.733299;
  1;   848;    1360800.000000;******************;         60.419371;43870227627.233131;         -0.996315;          0.436842;         -1.433157;          0.000000;          0.000000;          0.000000;      0.0000;          0.508022;          0.458798;          0.304813;         -0.233633;         46.004590;
  1;   860;    1382400.000000;******************;         60.165450;43870227629.952591;         -0.994354;          0.459130;         -1.453484;          0.000000;          0.000000;          0.000000;      0.0000;          0.508022;          0.458798;          0.304813;         -0.255921;         46.029641;
  1;   872;    1404000.000000;******************;         59.959005;43870227632.707199;         -0.988059;          0.486512;         -1.474571;          0.000000;          0.000000;          0.000000;      0.0000;          0.508022;          0.458798;          0.304813;         -0.283303;         46.029984;
  1;   884;    1425600.000000;******************;         59.034603;43870227633.756409;         -1.011864;          0.484314;         -1.496178;          0.000000;          0.000000;          0.000000;      0.0000;          0.508022;          0.458798;          0.304813;         -0.281105;         47.231538;
  1;   896;    1447200.000000;******************;         58.339072;43870227635.262985;         -1.035191;          0.482956;         -1.518147;          0.000000;          0.000000;          0.000000;      0.0000;          0.508022;          0.458798;          0.304813;         -0.279747;         48.110938;
  1;   908;    1468800.000000;******************;         58.190408;43870227637.972015;         -1.036263;          0.504099;         -1.540361;          0.000000;          0.000000;          0.000000;      0.0000;          0.508022;          0.458798;          0.304813;         -0.300890;         48.143453;
  1;   920;    1490400.000000;******************;         58.076001;43870227640.727112;         -1.025463;          0.537275;         -1.562738;          0.000000;          0.000000;          0.000000;      0.0000;          0.508022;          0.458798;          0.304813;         -0.334066;         48.143453;
  1;   932;    1512000.000000;******************;         57.475305;43870227642.348541;         -1.049498;          0.535728;         -1.585226;          0.000000;          0.000000;          0.000000;      0.0000;          0.508022;          0.458798;          0.304813;         -0.332519;         48.945200;
  1;   944;    1533600.000000;******************;         56.844492;43870227644.160759;         -1.073094;          0.534743;         -1.607836;          0.000000;          0.000000;          0.000000;      0.0000;          0.508022;          0.458798;          0.304813;         -0.331534;         49.611581;
  1;   956;    1555200.000000;******************;         56.630487;43870227646.867447;         -1.080554;          0.550096;         -1.630650;          0.000000;          0.000000;          0.000000;      0.0000;          0.508022;          0.458798;          0.304813;         -0.346887;         49.645882;
  1;   969;    1576800.000000;******************;         56.435849;43870227649.622406;         -1.083093;          0.570599;         -1.653692;          0.000000;          0.000000;          0.000000;      0.0000;          0.508022;          0.458798;          0.304813;         -0.367390;         49.645977;
  1;   981;    1598400.000000;******************;         55.430645;43870227650.639465;         -1.109871;          0.567416;         -1.677287;          0.000000;          0.000000;          0.000000;      0.0000;          0.508022;          0.458798;          0.304813;         -0.364207;         50.879690;
  1;   993;    1620000.000000;******************;         54.223859;43870227651.165199;         -1.136783;          0.564739;         -1.701522;          0.000000;          0.000000;          0.000000;      0.0000;          0.508022;          0.458798;          0.304813;         -0.361530;         52.463166;
  1;  1005;    1641600.000000;******************;         53.781839;43870227653.891403;         -1.148137;          0.578198;         -1.726335;          0.000000;          0.000000;          0.000000;      0.0000;          0.508022;          0.458798;          0.304813;         -0.374989;         52.483731;
  1;  1017;    1663200.000000;******************;         53.451304;43870227656.646072;         -1.150806;          0.600962;         -1.751769;          0.000000;          0.000000;          0.000000;      0.0000;          0.508022;          0.458798;          0.304813;         -0.397754;         52.484035;
  1;  1057;    1684800.000000;******************;         53.033113;43870227659.122467;         -0.974477;          0.803717;         -1.778194;          0.000000;          0.000000;          0.000000;      0.0000;          1.016044;          0.917595;          0.369080;         -0.397299;         52.682794;
  1;  1075;    1706400.000000;******************;         52.608398;43870227661.467628;         -1.002254;          0.803269;         -1.805522;          0.000000;          0.000000;          0.000000;      0.0000;          1.016044;          0.917595;          0.609626;         -0.396851;         52.974334;
  1;  1087;    1728000.000000;******************;         52.312933;43870227664.193428;         -1.014791;          0.818562;         -1.833354;          0.000000;          0.000000;          0.000000;      0.0000;          1.016044;          0.917595;          0.609626;         -0.412145;         52.995235;
  1;  1099;    1749600.000000;******************;         52.042706;43870227666.947174;         -1.034484;          0.827109;         -1.861592;          0.000000;          0.000000;          0.000000;      0.0000;          1.016044;          0.917595;          0.609626;         -0.420691;         52.996201;
  1;  1111;    1771200.000000;******************;         51.279826;43870227668.025436;         -1.065603;          0.824572;         -1.890174;          0.000000;          0.000000;          0.000000;      0.0000;          1.016044;          0.917595;          0.609626;         -0.418154;         54.194456;
  1;  1123;    1792800.000000;******************;         50.385085;43870227668.572723;         -1.097018;          0.822036;         -1.919054;          0.000000;          0.000000;          0.000000;      0.0000;          1.016044;          0.917595;          0.609626;         -0.415619;         55.773531;
  1;  1135;    1814400.000000;******************;         50.147754;43870227671.272118;         -1.113986;          0.834209;         -1.948195;          0.000000;          0.000000;          0.000000;      0.0000;          1.016044;          0.917595;          0.609626;         -0.427791;         55.813464;
  1;  1147;    1836000.000000;******************;         49.946906;43870227674.025291;         -1.137478;          0.840088;         -1.977566;          0.000000;          0.000000;          0.000000;      0.0000;          1.016044;          0.917595;          0.609626;         -0.433671;         55.814846;
  1;  1159;    1857600.000000;******************;         49.238237;43870227675.031319;         -1.169720;          0.837423;         -2.007142;          0.000000;          0.000000;          0.000000;      0.0000;          1.016044;          0.917595;          0.609626;         -0.431005;         57.070438;
  1;  1171;    1879200.000000;******************;         48.390823;43870227675.496666;         -1.202431;          0.834469;         -2.036900;          0.000000;          0.000000;          0.000000;      0.0000;          1.016044;          0.917595;          0.609626;         -0.428051;         58.715660;
  1;  1183;    1900800.000000;******************;         48.195872;43870227678.220894;         -1.227149;          0.839729;         -2.066878;          0.000000;          0.000000;          0.000000;      0.0000;          1.016044;          0.917595;          0.609626;         -0.433311;         58.737897;
  1;  1195;    1922400.000000;******************;         48.039858;43870227680.966469;         -1.257099;          0.839989;         -2.097089;          0.000000;          0.000000;          0.000000;      0.0000;          1.016044;          0.917595;          0.609626;         -0.433572;         58.744769;
  1;  1207;    1944000.000000;******************;         47.446279;43870227682.590317;         -1.289222;          0.838249;         -2.127471;          0.000000;          0.000000;          0.000000;      0.0000;          1.016044;          0.917595;          0.609626;         -0.431831;         59.560452;
  1;  1219;    1965600.000000;******************;         46.953152;43870227684.422745;         -1.320773;          0.837206;         -2.157980;          0.000000;          0.000000;          0.000000;      0.0000;          1.016044;          0.917595;          0.609626;         -0.430789;         60.225577;
  1;  1231;    1987200.000000;******************;         46.834439;43870227687.146973;         -1.330452;          0.858132;         -2.188584;          0.000000;          0.000000;          0.000000;      0.0000;          1.016044;          0.917595;          0.609626;         -0.451714;         60.247871;
  1;  1243;    2008800.000000;******************;         46.735955;43870227689.901917;         -1.342837;          0.876434;         -2.219271;          0.000000;          0.000000;          0.000000;      0.0000;          1.016044;          0.917595;          0.609626;         -0.470017;         60.247982;
  1;  1301;    2030400.000000;******************;         46.530850;43870227692.371300;         -0.967886;          1.282157;         -2.250043;          0.000000;          0.000000;          0.000000;      0.0000;          2.032088;          1.835191;          0.903471;         -0.469322;         60.454492;
  1;  1313;    2052000.000000;******************;         46.247132;43870227694.872536;         -0.999299;          1.281769;         -2.281068;          0.000000;          0.000000;          0.000000;      0.0000;          2.032088;          1.835191;          1.146781;         -0.468934;         60.637096;
  1;  1325;    2073600.000000;******************;         45.968513;43870227697.621552;         -1.009888;          1.302655;         -2.312543;          0.000000;          0.000000;          0.000000;      0.0000;          2.032088;          1.835191;          1.151776;         -0.489820;         60.641489;
  1;  1337;    2095200.000000;******************;         45.487356;43870227700.376648;         -1.010328;          1.334208;         -2.344536;          0.000000;          0.000000;          0.000000;      0.0000;          2.032088;          1.835191;          1.151776;         -0.521373;         60.641489;
  1;  1386;    2116800.000000;******************;         44.969992;43870227702.927711;         -0.639385;          1.737685;         -2.377070;          0.000000;          0.000000;          0.000000;      0.0000;          3.042084;          2.747324;          1.258800;         -0.520851;         60.789381;
  1;  1672;    2138400.000000;******************;         44.398229;43870227705.637062;          4.566970;          6.977026;         -2.410056;          0.000000;          0.000000;          0.000000;      0.0000;          9.102062;          8.220125;          1.373140;         -0.520751;         60.822427;
  1;  1684;    2160000.000000;******************;         43.843653;43870227708.389938;          4.549070;          6.992752;         -2.443682;          0.000000;          0.000000;          0.000000;      0.0000;          9.102062;          8.220125;          1.379155;         -0.536477;         60.824034;
  1;  1697;    2181600.000000;******************;         43.373003;43870227711.145027;          4.536217;          7.014424;         -2.478207;          0.000000;          0.000000;          0.000000;      0.0000;          9.102062;          8.220125;          1.379155;         -0.558149;         60.824034;
  1;  1713;    2203200.000000;******************;         42.757418;43870227713.340385;          4.499274;          7.013047;         -2.513773;          0.000000;          0.000000;          0.000000;      0.0000;          9.102062;          8.220125;          2.310065;         -0.556772;         61.230270;
  1;  1725;    2224800.000000;******************;         42.035210;43870227715.080269;          4.461893;          7.011820;         -2.549927;          0.000000;          0.000000;          0.000000;      0.0000;          9.102062;          8.220125;          2.645787;         -0.555545;         61.966724;
  1;  1737;    2246400.000000;******************;         41.626023;43870227717.817459;          4.440347;          7.026928;         -2.586581;          0.000000;          0.000000;          0.000000;      0.0000;          9.102062;          8.220125;          2.645787;         -0.570653;         61.979743;
  1;  1749;    2268000.000000;******************;         41.241192;43870227720.572556;          4.421644;          7.045318;         -2.623675;          0.000000;          0.000000;          0.000000;      0.0000;          9.102062;          8.220125;          2.645787;         -0.589043;         61.979743;
  1;  1772;    2289600.000000;******************;         40.436227;43870227721.764175;          4.483359;          7.144516;         -2.661157;          0.000000;          0.000000;          0.000000;      0.0000;          9.356073;          8.449524;          2.798193;         -0.586636;         63.117868;
  1;  1786;    2311200.000000;******************;         39.500781;43870227722.404381;          4.442903;          7.141896;         -2.698993;          0.000000;          0.000000;          0.000000;      0.0000;          9.356073;          8.449524;          2.798193;         -0.584017;         64.658386;
  1;  1798;    2332800.000000;******************;         39.171429;43870227725.114479;          4.414586;          7.151737;         -2.737151;          0.000000;          0.000000;          0.000000;      0.0000;          9.356073;          8.449524;          2.798193;         -0.593858;         64.691242;
  1;  1810;    2354400.000000;******************;         38.874707;43870227727.867577;          4.384977;          7.160575;         -2.775599;          0.000000;          0.000000;          0.000000;      0.0000;          9.356073;          8.449524;          2.798193;         -0.602696;         64.692703;
  1;  1822;    2376000.000000;******************;         38.428103;43870227730.004662;          4.345237;          7.159548;         -2.814310;          0.000000;          0.000000;          0.000000;      0.0000;          9.356073;          8.449524;          2.798193;         -0.601668;         65.144094;
  1;  1834;    2397600.000000;******************;         37.994032;43870227732.254288;          4.305626;          7.158924;         -2.853298;          0.000000;          0.000000;          0.000000;      0.0000;          9.356073;          8.449524;          2.798193;         -0.601044;         65.512903;
  1;  2841;    2419200.000000;******************;         37.760206;43870227735.006538;         29.162881;         32.055461;         -2.892580;          0.000000;          0.000000;          0.000000;      0.0000;         35.561544;         32.115836;          2.799406;         -0.609715;         65.514976;
  1;  2853;    2440800.000000;******************;         37.532068;43870227737.761635;         29.144619;         32.076757;         -2.932138;          0.000000;          0.000000;          0.000000;      0.0000;         35.561544;         32.115836;          2.799406;         -0.631011;         65.514976;
  1;  2865;    2462400.000000;******************;         37.188172;43870227740.132805;         29.101592;         32.073520;         -2.971928;          0.000000;          0.000000;          0.000000;      0.0000;         35.561544;         32.115836;          3.442803;         -0.627773;         65.795929;
  1;  2877;    2484000.000000;******************;         36.848888;43870227742.437393;         29.060757;         32.072631;         -3.011874;          0.000000;          0.000000;          0.000000;      0.0000;         35.561544;         32.115836;          4.003226;         -0.626884;         66.124687;
  1;  2889;    2505600.000000;******************;         36.701288;43870227745.167740;         29.047902;         32.099815;         -3.051912;          0.000000;          0.000000;          0.000000;      0.0000;         35.561544;         32.115836;          4.023832;         -0.654068;         66.142805;
  1;  2901;    2527200.000000;******************;         36.580628;43870227747.922836;         29.030084;         32.122079;         -3.091995;          0.000000;          0.000000;          0.000000;      0.0000;         35.561544;         32.115836;          4.023832;         -0.676333;         66.142805;
  1;  2924;    2548800.000000;******************;         36.065061;43870227749.761940;         29.090404;         32.222511;         -3.132106;          0.000000;          0.000000;          0.000000;      0.0000;         35.815555;         32.345235;          4.268204;         -0.675160;         66.814580;
  1;  2936;    2570400.000000;******************;         35.350748;43870227751.078064;         29.048534;         32.220952;         -3.172418;          0.000000;          0.000000;          0.000000;      0.0000;         35.815555;         32.345235;          4.268204;         -0.673601;         67.869710;
  1;  2948;    2592000.000000;******************;         35.086894;43870227753.812027;         29.022985;         32.235968;         -3.212984;          0.000000;          0.000000;          0.000000;      0.0000;         35.815555;         32.345235;          4.268204;         -0.688617;         67.885225;
  1;  2960;    2613600.000000;******************;         34.836885;43870227756.565712;         28.993163;         32.246995;         -3.253832;          0.000000;          0.000000;          0.000000;      0.0000;         35.815555;         32.345235;          4.268204;         -0.699644;         67.886263;
  1;  2972;    2635200.000000;******************;         33.952535;43870227757.747139;         28.949999;         32.245084;         -3.295086;          0.000000;          0.000000;          0.000000;      0.0000;         35.815555;         32.345235;          4.268204;         -0.697733;         69.043403;
  1;  2984;    2656800.000000;******************;         32.902696;43870227758.416351;         28.905201;         32.242044;         -3.336843;          0.000000;          0.000000;          0.000000;      0.0000;         35.815555;         32.345235;          4.268204;         -0.694693;         70.577437;
  1;  2996;    2678400.000000;******************;         32.683441;43870227761.155060;         28.883536;         32.262598;         -3.379062;          0.000000;          0.000000;          0.000000;      0.0000;         35.815555;         32.345235;          4.268204;         -0.715247;         70.589503;

Abschlusstabelle mit Bilanzgroessen der                   Kontrollvolumina
Kontrollvolumen; ; ; ;Volumen;totale Bilanz;Auffeuchtung;         Summe Senkenfl.;Summe Randfl.;Oberrandfl.;kumul. rechter Randfl; kumul. Unterrandfl.;kumul. linker Randfl;kumul. Freiland Nied.;   kumul. Freiland Nied.;kumul. Interz-Verd;kumul. Bodenverd.;       kumul. Transpiration
Hang;    1
   1;  15;   1;  15;   0.631E+04;  -0.439E+11;   0.327E+02;   0.439E+11;   0.289E+02;   0.323E+02;  -0.338E+01;   0.000E+00;   0.000E+00;   0.358E+02;   0.323E+02;   0.427E+01;  -0.715E+00;   0.706E+02
